ID	Code	Name	Prefix
0	AR_NONE	None	
1	AR_IMGARORN	Imgarorn	
2	AR_CARILDRORN	Carildrorn	
3	AR_GLIRUK	Gliruk	
4	AR_SISORN	Sisorn	
5	AR_BERELANE	Berelane	
6	AR_USHATRAK	Ushatrak	
7	AR_TALASHIUM	Talashium	
8	AR_THIRIL	Thiril	
9	AR_ANVORIL	Anvoril	
10	AR_BERORMESH	Berormesh	
11	AR_THIGRIEL	Thigriel	
12	AR_ANVANGRIEL	Anvangriel	
13	AR_MORENAND	Morenand	
14	AR_TALILDREON	Talildreon	
15	AR_GLISEON	Gliseon	
16	AR_THULIM	Thulim	
17	AR_KAHORTHUN	Kahorthun	
18	AR_MORASHANE	Morashane	
19	AR_ULFILDRUK	Ulfildruk	
20	AR_THISUK	Thisuk	
21	AR_VARANGRANE	Varangrane	
22	AR_DOLORTHIUM	Dolorthium	
23	AR_FULESH	Fulesh	
24	AR_SIGRAK	Sigrak	
25	AR_IMIRIEL	Imiriel	
26	AR_BERANGRIA	Berangria	
27	AR_USHELIM	Ushelim	
28	AR_TALENUN	Talenun	
29	AR_OBATRUK	Obatruk	
30	AR_LORORTHAK	Lororthak	
31	AR_IMGORMAD	Imgormad	
32	AR_THULAD	Thulad	
33	AR_LORORMAND	Lorormand	
34	AR_CARORTHIM	Carorthim	
35	AR_MALISANE	Malisane	
36	AR_FILDRAK	Fildrak	
37	AR_IMIRESH	Imiresh	
38	AR_BERIGRIL	Berigril	
39	AR_GLENARG	Glenarg	
40	AR_BERULIEL	Beruliel	
41	AR_ANVIREON	Anvireon	
42	AR_TALORMANE	Talormane	
43	AR_FARORN	Farorn	
44	AR_IMILDRORN	Imildrorn	
45	AR_KAHIGRIUM	Kahigrium	
46	AR_CARORTHAD	Carorthad	
47	AR_MORUDRIM	Morudrim	
48	AR_GLARUK	Glaruk	
49	AR_TALANGRIUM	Talangrium	
50	AR_GLORTHIUM	Glorthium	
51	AR_THARIL	Tharil	
52	AR_IMGIGRIEL	Imgigriel	
53	AR_USHUDRARG	Ushudrarg	
54	AR_TALUDREON	Taludreon	
55	AR_FARAND	Farand	
56	AR_GLORMEON	Glormeon	
57	AR_LORULORN	Lorulorn	
58	AR_MORANGRANE	Morangrane	
59	AR_FORTHANE	Forthane	
60	AR_THORMUK	Thormuk	
61	AR_MORUDRAD	Morudrad	
62	AR_CARINARG	Carinarg	
63	AR_SELARG	Selarg	
64	AR_USHIGRIM	Ushigrim	
65	AR_SORMAND	Sormand	
66	AR_TALIGRORN	Taligrorn	
67	AR_THARANE	Tharane	
68	AR_MALARAK	Malarak	
69	AR_TORANGRARG	Torangrarg	
70	AR_KAHENARG	Kahenarg	
71	AR_LORULAND	Loruland	
72	AR_ULFUDRUN	Ulfudrun	
73	AR_FANGREON	Fangreon	
74	AR_TORUDRANE	Torudrane	
75	AR_MALORMANE	Malormane	
76	AR_OBORESH	Oboresh	
77	AR_IMARESH	Imaresh	
78	AR_BERORTHIL	Berorthil	
79	AR_IMORTHAD	Imorthad	
80	AR_IMGENEON	Imgeneon	
81	AR_TALIGRAND	Taligrand	
82	AR_LORENUK	Lorenuk	
83	AR_TALULANE	Talulane	
84	AR_GLINANE	Glinane	
85	AR_HAGELANE	Hagelane	
86	AR_MALANGRIUM	Malangrium	
87	AR_VARANGRIEL	Varangriel	
88	AR_MORILDRUK	Morildruk	
89	AR_CARATRORN	Caratrorn	
90	AR_IMGARIL	Imgaril	
91	AR_GLIRIUM	Glirium	
92	AR_IMANGRAK	Imangrak	
93	AR_OBULARG	Obularg	
94	AR_THIRIEL	Thiriel	
95	AR_THIGRIM	Thigrim	
96	AR_LORELORN	Lorelorn	
97	AR_ULFATRUK	Ulfatruk	
98	AR_THULUK	Thuluk	
99	AR_KAHANGRORN	Kahangrorn	
100	AR_MORASHESH	Morashesh	
101	AR_CARENAK	Carenak	
102	AR_VARANGRESH	Varangresh	
103	AR_ANVUDRIUM	Anvudrium	
104	AR_TORILDRIEL	Torildriel	
105	AR_VARINAD	Varinad	
106	AR_ZARANGRARG	Zarangrarg	
107	AR_CARATRAND	Caratrand	
108	AR_VARUDRUN	Varudrun	
109	AR_IMGARANE	Imgarane	
110	AR_GANISAK	Ganisak	
111	AR_MALIRARG	Malirarg	
112	AR_MORORTHEON	Morortheon	
113	AR_TORATRANE	Toratrane	
114	AR_THILDRORN	Thildrorn	
115	AR_TORILDRESH	Torildresh	
116	AR_DOLINIEL	Doliniel	
117	AR_OBENAD	Obenad	
118	AR_FILDRARG	Fildrarg	
119	AR_GLENAND	Glenand	
120	AR_OBORMORN	Obormorn	
121	AR_IMATRORN	Imatrorn	
122	AR_THASHAK	Thashak	
123	AR_ANVIGRAK	Anvigrak	
124	AR_CARARAD	Cararad	
125	AR_GLILDRAD	Glildrad	
126	AR_MORINIM	Morinim	
127	AR_FELIM	Felim	
128	AR_THILDRAND	Thildrand	
129	AR_ASORTHANE	Asorthane	
130	AR_ZARASHORN	Zarashorn	
131	AR_IMASHARG	Imasharg	
132	AR_OBORMAND	Obormand	
133	AR_GLELEON	Gleleon	
134	AR_IMGULUK	Imguluk	
135	AR_TORANGRORN	Torangrorn	
136	AR_MALORTHORN	Malorthorn	
137	AR_MORANGRESH	Morangresh	
138	AR_LORISIEL	Lorisiel	
139	AR_CARANGRARG	Carangrarg	
140	AR_SORTHARG	Sortharg	
141	AR_MALORMIEL	Malormiel	
142	AR_OBORIM	Oborim	
143	AR_GANORTHEON	Ganortheon	
144	AR_ZARASHAND	Zarashand	
145	AR_USHIGRUK	Ushigruk	
146	AR_CARUDRANE	Carudrane	
147	AR_GLORORN	Glororn	
148	AR_ASUDRAK	Asudrak	
149	AR_GANORMAK	Ganormak	
150	AR_THORTHAD	Thorthad	
151	AR_MORIREON	Morireon	
152	AR_MALORTHAND	Malorthand	
153	AR_THUDRORN	Thudrorn	
154	AR_ANVORMORN	Anvormorn	
155	AR_ASIRIL	Asiril	
156	AR_GANORIL	Ganoril	
157	AR_VARELAK	Varelak	
158	AR_OBORAD	Oborad	
159	AR_IMGATRARG	Imgatrarg	
160	AR_ANVELARG	Anvelarg	
161	AR_VARANGRIM	Varangrim	
162	AR_ANVORMAND	Anvormand	
163	AR_CARASHORN	Carashorn	
164	AR_SIGRORN	Sigrorn	
165	AR_BERARANE	Berarane	
166	AR_MORILDRIUM	Morildrium	
167	AR_ASIGRESH	Asigresh	
168	AR_IMORAK	Imorak	
169	AR_USHASHARG	Ushasharg	
170	AR_CARILDRIEL	Carildriel	
171	AR_IMGORTHIM	Imgorthim	
172	AR_TALASHEON	Talasheon	
173	AR_THIRIM	Thirim	
174	AR_LORORTHORN	Lororthorn	
175	AR_THIGRUK	Thigruk	
176	AR_HAGUDRAK	Hagudrak	
177	AR_LORORMIEL	Lorormiel	
178	AR_SIRARG	Sirarg	
179	AR_CARASHAND	Carashand	
180	AR_USHORTHUK	Ushorthuk	
181	AR_TALARORN	Talarorn	
182	AR_ZARINANE	Zarinane	
183	AR_TALELIEL	Taleliel	
184	AR_BERUDRARG	Berudrarg	
185	AR_OBILDREON	Obildreon	
186	AR_THIGRUN	Thigrun	
187	AR_IMGUDRORN	Imgudrorn	
188	AR_LORELANE	Lorelane	
189	AR_ULFORMORN	Ulformorn	
190	AR_FENAY	Fenay	
191	AR_CARORTHIUM	Carorthium	
192	AR_FASHAK	Fashak	
193	AR_THILDRIL	Thildril	
194	AR_MORORMARG	Morormarg	
195	AR_TALARAND	Talarand	
196	AR_CARORMEON	Carormeon	
197	AR_ASELIM	Aselim	
198	AR_TALORTHANE	Talorthane	
199	AR_TALORMAD	Talormad	
200	AR_THASHARG	Thasharg	
201	AR_IMILDRIEL	Imildriel	
202	AR_MORANGRIM	Morangrim	
203	AR_ULFORMAND	Ulformand	
204	AR_GLILDRUN	Glildrun	
205	AR_KAHIGREON	Kahigreon	
206	AR_CARANGRORN	Carangrorn	
207	AR_FELUK	Feluk	
208	AR_THILDRANE	Thildrane	
209	AR_ZARENORN	Zarenorn	
210	AR_CARINIL	Carinil	
211	AR_VARATRIUM	Varatrium	
212	AR_OBORTHARG	Obortharg	
213	AR_GLORTHEON	Glortheon	
214	AR_IMASHAND	Imashand	
215	AR_ULFANGRUK	Ulfangruk	
216	AR_OBORMANE	Obormane	
217	AR_GLELAY	Glelay	
218	AR_MALARORN	Malarorn	
219	AR_IMILDRESH	Imildresh	
220	AR_TORINIEL	Toriniel	
221	AR_CARANGRAND	Carangrand	
222	AR_FELUN	Felun	
223	AR_VARORMORN	Varormorn	
224	AR_ASUDRARG	Asudrarg	
225	AR_GANORMARG	Ganormarg	
226	AR_LORIGRANE	Lorigrane	
227	AR_GLUDRUK	Gludruk	
228	AR_ANVELORN	Anvelorn	
229	AR_ULFISIL	Ulfisil	
230	AR_FANGRAK	Fangrak	
231	AR_SORIUM	Sorium	
232	AR_THUDRIL	Thudril	
233	AR_FINARG	Finarg	
234	AR_GANORIEL	Ganoriel	
235	AR_FUDRAND	Fudrand	
236	AR_VARORMAND	Varormand	
237	AR_BERORTHIM	Berorthim	
238	AR_TALIRANE	Talirane	
239	AR_OBIGRORN	Obigrorn	
240	AR_BERELUK	Bereluk	
241	AR_BERORMIUM	Berormium	
242	AR_IMGASHARG	Imgasharg	
243	AR_THANGRARG	Thangrarg	
244	AR_ANVORTHARG	Anvortharg	
245	AR_TORIGREON	Torigreon	
246	AR_FIRIM	Firim	
247	AR_MALANGREON	Malangreon	
248	AR_VARORIM	Varorim	
249	AR_KAHORTHEON	Kahortheon	
250	AR_CARENORN	Carenorn	
251	AR_SIRORN	Sirorn	
252	AR_THUDRANE	Thudrane	
253	AR_ANVORMANE	Anvormane	
254	AR_VARINIUM	Varinium	
255	AR_IMORARG	Imorarg	
256	AR_BERORTHAD	Berorthad	
257	AR_CARILDRIM	Carildrim	
258	AR_GLIREON	Glireon	
259	AR_IMGORTHUK	Imgorthuk	
260	AR_GLIGRAY	Gligray	
261	AR_THIRUK	Thiruk	
262	AR_THIGRIUM	Thigrium	
263	AR_KAHANGRIEL	Kahangriel	
264	AR_THISEON	Thiseon	
265	AR_ANVUDREON	Anvudreon	
266	AR_CARASHANE	Carashane	
267	AR_SIGRANE	Sigrane	
268	AR_KAHUDRUK	Kahudruk	
269	AR_USHORTHIUM	Ushorthium	
270	AR_IMIRIUM	Imirium	
271	AR_ASATRARG	Asatrarg	
272	AR_GLENIEL	Gleniel	
273	AR_GANULARG	Ganularg	
274	AR_BERINARG	Berinarg	
275	AR_TALELIM	Talelim	
276	AR_OBATREON	Obatreon	
277	AR_THIRUN	Thirun	
278	AR_LORORTHANE	Lororthane	
279	AR_GLATRUK	Glatruk	
280	AR_MALIRANE	Malirane	
281	AR_MORORTHAK	Mororthak	
282	AR_KAHANGRESH	Kahangresh	
283	AR_MORELARG	Morelarg	
284	AR_FASHARG	Fasharg	
285	AR_THILDRIEL	Thildriel	
286	AR_KAHUDRUN	Kahudrun	
287	AR_OBELIL	Obelil	
288	AR_GLENESH	Glenesh	
289	AR_ULFORTHARG	Ulfortharg	
290	AR_OBORMIEL	Obormiel	
291	AR_THENARG	Thenarg	
292	AR_MORANGRUK	Morangruk	
293	AR_ULFORMANE	Ulformane	
294	AR_HAGILDRORN	Hagildrorn	
295	AR_ANVULANE	Anvulane	
296	AR_MORINIUM	Morinium	
297	AR_THILDRESH	Thildresh	
298	AR_GLAREON	Glareon	
299	AR_OBELANE	Obelane	
300	AR_GLORTHAY	Glorthay	
301	AR_IMASHANE	Imashane	
302	AR_LORIGRIEL	Lorigriel	
303	AR_TORANGRIEL	Torangriel	
304	AR_GLORMARG	Glormarg	
305	AR_CARORAND	Carorand	
306	AR_FORTHUN	Forthun	
307	AR_CARANGRANE	Carangrane	
308	AR_FINORN	Finorn	
309	AR_GANORTHAK	Ganorthak	
310	AR_GLANGRIM	Glangrim	
311	AR_ULFIGRORN	Ulfigrorn	
312	AR_THANGRORN	Thangrorn	
313	AR_ANVORTHORN	Anvorthorn	
314	AR_THINIL	Thinil	
315	AR_IMGILDRIEL	Imgildriel	
316	AR_MORIGRARG	Morigrarg	
317	AR_FANGRARG	Fangrarg	
318	AR_MALORMUN	Malormun	
319	AR_CARULAY	Carulay	
320	AR_ASIGRUK	Asigruk	
321	AR_SINAY	Sinay	
322	AR_VARORMANE	Varormane	
323	AR_SUDRAK	Sudrak	
324	AR_IMGENARG	Imgenarg	
325	AR_THORARG	Thorarg	
326	AR_THANGRAND	Thangrand	
327	AR_ANVORTHAND	Anvorthand	
328	AR_TALILDRORN	Talildrorn	
329	AR_KAHORTHAY	Kahorthay	
330	AR_LORATRAK	Loratrak	
331	AR_MALUDRARG	Maludrarg	
332	AR_IMGORTHIUM	Imgorthium	
333	AR_TALASHAK	Talashak	
334	AR_THIRIUM	Thirium	
335	AR_BERUDRIL	Berudril	
336	AR_LORORTHIEL	Lororthiel	
337	AR_HAGINARG	Haginarg	
338	AR_FIRUN	Firun	
339	AR_THULEON	Thuleon	
340	AR_VARIGRORN	Varigrorn	
341	AR_MORORMIL	Morormil	
342	AR_KAHUDRIUM	Kahudrium	
343	AR_BERANGRARG	Berangrarg	
344	AR_TALORTHIM	Talorthim	
345	AR_GLENIM	Glenim	
346	AR_THENORN	Thenorn	
347	AR_TALORMIUM	Talormium	
348	AR_THASHIL	Thashil	
349	AR_MORORTHARG	Morortharg	
350	AR_FENARG	Fenarg	
351	AR_DOLORIM	Dolorim	
352	AR_LORORMUN	Lorormun	
353	AR_OBARORN	Obarorn	
354	AR_VARULANE	Varulane	
355	AR_IMGORARG	Imgorarg	
356	AR_OBORMIM	Obormim	
357	AR_IMGINANE	Imginane	
358	AR_TORORTHAY	Tororthay	
359	AR_GLORMORN	Glormorn	
360	AR_TORELAK	Torelak	
361	AR_THATRESH	Thatresh	
362	AR_VARENIUM	Varenium	
363	AR_CARANGRIEL	Carangriel	
364	AR_TORORMARG	Torormarg	
365	AR_USHANGRANE	Ushangrane	
366	AR_OBORMAD	Obormad	
367	AR_TORANGRIM	Torangrim	
368	AR_THELEON	Theleon	
369	AR_MALORTHIM	Malorthim	
370	AR_FANGRORN	Fangrorn	
371	AR_SARANE	Sarane	
372	AR_VARORTHORN	Varorthorn	
373	AR_CARANGRESH	Carangresh	
374	AR_TORUDRIUM	Torudrium	
375	AR_GANARAK	Ganarak	
376	AR_ANVILDRAK	Anvildrak	
377	AR_KAHATRIUM	Kahatrium	
378	AR_BERENARG	Berenarg	
379	AR_CARUDRUN	Carudrun	
380	AR_IMORTHEON	Imortheon	
381	AR_IMGENORN	Imgenorn	
382	AR_ASUDRANE	Asudrane	
383	AR_ANVARORN	Anvarorn	
384	AR_THANGRIL	Thangril	
385	AR_MALORTHAD	Malorthad	
386	AR_MORULANE	Morulane	
387	AR_FINANE	Finane	
388	AR_SINAK	Sinak	
389	AR_IMORIL	Imoril	
390	AR_ASHARIL	Asharil	
391	AR_ZARORMARG	Zarormarg	
392	AR_IMGASHANE	Imgashane	
393	AR_HAGINORN	Haginorn	
394	AR_ULFULESH	Ulfulesh	
395	AR_FIRIUM	Firium	
396	AR_MALANGRAK	Malangrak	
397	AR_HAGUDRIL	Hagudril	
398	AR_KAHORTHAK	Kahorthak	
399	AR_MALINARG	Malinarg	
400	AR_KAHORMAND	Kahormand	
401	AR_FISAY	Fisay	
402	AR_THINUK	Thinuk	
403	AR_MALANGRORN	Malangrorn	
404	AR_KAHORTHORN	Kahorthorn	
405	AR_FANGRESH	Fangresh	
406	AR_SORAK	Sorak	
407	AR_LORILDRIEL	Lorildriel	
408	AR_ZARORTHARG	Zarortharg	
409	AR_SINAND	Sinand	
410	AR_IMANGRUK	Imangruk	
411	AR_GLIGRIL	Gligril	
412	AR_ANVARESH	Anvaresh	
413	AR_TORIRARG	Torirarg	
414	AR_THANGRAD	Thangrad	
415	AR_LORASHAND	Lorashand	
416	AR_KAHORTHAND	Kahorthand	
417	AR_CARENUK	Carenuk	
418	AR_TORULANE	Torulane	
419	AR_SIRUK	Siruk	
420	AR_THISORN	Thisorn	
421	AR_MALINANE	Malinane	
422	AR_MORATRAK	Moratrak	
423	AR_FULAK	Fulak	
424	AR_MORILDRARG	Morildrarg	
425	AR_ASASHIEL	Asashiel	
426	AR_IMORAD	Imorad	
427	AR_IMGAREON	Imgareon	
428	AR_IMULORN	Imulorn	
429	AR_THIGRAK	Thigrak	
430	AR_MALIRIUM	Malirium	
431	AR_IMGORMARG	Imgormarg	
432	AR_MORORTHIEL	Mororthiel	
433	AR_THULARG	Thularg	
434	AR_MORELIM	Morelim	
435	AR_MORORMUK	Morormuk	
436	AR_CARELORN	Carelorn	
437	AR_USHORTHAK	Ushorthak	
438	AR_IMIRAK	Imirak	
439	AR_IMGORIEL	Imgoriel	
440	AR_LORANGRORN	Lorangrorn	
441	AR_TORORTHORN	Tororthorn	
442	AR_THASHUK	Thashuk	
443	AR_MORORTHESH	Mororthesh	
444	AR_CARARAK	Cararak	
445	AR_HAGISAK	Hagisak	
446	AR_TORORMIEL	Torormiel	
447	AR_SENARG	Senarg	
448	AR_MORORMUN	Morormun	
449	AR_FATRUN	Fatrun	
450	AR_MALILDRIM	Malildrim	
451	AR_CARORMANE	Carormane	
452	AR_ASELAY	Aselay	
453	AR_VARILDRORN	Varildrorn	
454	AR_THENAD	Thenad	
455	AR_BERISARG	Berisarg	
456	AR_TORORTHAND	Tororthand	
457	AR_FAREON	Fareon	
458	AR_THASHUN	Thashun	
459	AR_KAHIRAND	Kahirand	
460	AR_LORINANE	Lorinane	
461	AR_THORMORN	Thormorn	
462	AR_FELAK	Felak	
463	AR_VARASHAK	Varashak	
464	AR_OBARAD	Obarad	
465	AR_VARATRARG	Varatrarg	
466	AR_BERENIEL	Bereniel	
467	AR_TALORAND	Talorand	
468	AR_CARUDREON	Carudreon	
469	AR_SORMEON	Sormeon	
470	AR_TALANGRANE	Talangrane	
471	AR_GLORTHANE	Glorthane	
472	AR_IMELORN	Imelorn	
473	AR_ULFANGRAK	Ulfangrak	
474	AR_THORTHAK	Thorthak	
475	AR_FORIEL	Foriel	
476	AR_THELARG	Thelarg	
477	AR_MALORTHIA	Malorthia	
478	AR_MORIGRIM	Morigrim	
479	AR_FANGRIM	Fangrim	
480	AR_THORMAND	Thormand	
481	AR_CARIGRORN	Carigrorn	
482	AR_FINUK	Finuk	
483	AR_SINIL	Sinil	
484	AR_BERENESH	Berenesh	
485	AR_KAHILDRAK	Kahildrak	
486	AR_OBANGRARG	Obangrarg	
487	AR_IMORTHARG	Imortharg	
488	AR_THORIM	Thorim	
489	AR_THINIUM	Thinium	
490	AR_TORULIEL	Toruliel	
491	AR_USHENUK	Ushenuk	
492	AR_MORILDRORN	Morildrorn	
493	AR_TALENIL	Talenil	
494	AR_SUDRESH	Sudresh	
495	AR_BERELAK	Berelak	
496	AR_BERORMARG	Berormarg	
497	AR_TORIRAND	Torirand	
498	AR_THANGRUN	Thangrun	
499	AR_ANVORTHUN	Anvorthun	
500	AR_KAHARAND	Kaharand	
501	AR_FIRAY	Firay	
502	AR_GLISUK	Glisuk	
503	AR_CARENIUM	Carenium	
504	AR_SIRIUM	Sirium	
505	AR_ANVUDRIL	Anvudril	
506	AR_KAHORMAD	Kahormad	
507	AR_CARATREON	Caratreon	
508	AR_IMIGRORN	Imigrorn	
509	AR_THIRAK	Thirak	
510	AR_IMGORMAND	Imgormand	
511	AR_MORORTHIM	Mororthim	
512	AR_FENIM	Fenim	
513	AR_MALIGREON	Maligreon	
514	AR_DOLARANE	Dolarane	
515	AR_CARORTHORN	Carorthorn	
516	AR_SENORN	Senorn	
517	AR_THISANE	Thisane	
518	AR_ANVUDRANE	Anvudrane	
519	AR_GANIRESH	Ganiresh	
520	AR_MALISAK	Malisak	
521	AR_VARULIUM	Varulium	
522	AR_KAHUDRAK	Kahudrak	
523	AR_USHORTHARG	Ushortharg	
524	AR_TALORTHEON	Talortheon	
525	AR_SILDRIM	Sildrim	
526	AR_LORINIEL	Loriniel	
527	AR_CARORTHAND	Carorthand	
528	AR_SENAND	Senand	
529	AR_THILDREON	Thildreon	
530	AR_CARELANE	Carelane	
531	AR_FORMORN	Formorn	
532	AR_VARATRORN	Varatrorn	
533	AR_OBORTHIUM	Oborthium	
534	AR_IMGORAD	Imgorad	
535	AR_TALANGRIEL	Talangriel	
536	AR_TORARAND	Torarand	
537	AR_IMATREON	Imatreon	
538	AR_TORORTHANE	Tororthane	
539	AR_GANIGRORN	Ganigrorn	
540	AR_BERANGRORN	Berangrorn	
541	AR_LORORTHIM	Lororthim	
542	AR_MORORTHORN	Mororthorn	
543	AR_FENORN	Fenorn	
544	AR_THULAY	Thulay	
545	AR_KAHINIUM	Kahinium	
546	AR_DOLORTHARG	Dolortharg	
547	AR_VARULIEL	Varuliel	
548	AR_FILDRIM	Fildrim	
549	AR_TALORTHUK	Talorthuk	
550	AR_ASATRANE	Asatrane	
551	AR_SILDRORN	Sildrorn	
552	AR_GANULANE	Ganulane	
553	AR_ANVIRIL	Anviril	
554	AR_ANVIGRIEL	Anvigriel	
555	AR_MORORTHAND	Mororthand	
556	AR_GLILDREON	Glildreon	
557	AR_MORELANE	Morelane	
558	AR_CARORTHAY	Carorthay	
559	AR_FASHANE	Fashane	
560	AR_THILDRUK	Thildruk	
561	AR_KAHULORN	Kahulorn	
562	AR_CARELAK	Carelak	
563	AR_ZARIGRAK	Zarigrak	
564	AR_CARORMARG	Carormarg	
565	AR_DOLUDREON	Doludreon	
566	AR_USHUDRUK	Ushudruk	
567	AR_TALINORN	Talinorn	
568	AR_GLELORN	Glelorn	
569	AR_THENANE	Thenane	
570	AR_FARIUM	Farium	
571	AR_IMILDRIUM	Imildrium	
572	AR_CARUDRIUM	Carudrium	
573	AR_OBORTHESH	Oborthesh	
574	AR_TALANGRARG	Talangrarg	
575	AR_GLORTHARG	Glortharg	
576	AR_BERATRIEL	Beratriel	
577	AR_THORTHEON	Thortheon	
578	AR_MALARIM	Malarim	
579	AR_LORIGRUK	Lorigruk	
580	AR_TALUDRANE	Taludrane	
581	AR_GLORMANE	Glormane	
582	AR_THELAY	Thelay	
583	AR_MALORTHUK	Malorthuk	
584	AR_ANVASHAY	Anvashay	
585	AR_MORULIEL	Moruliel	
586	AR_FINIEL	Finiel	
587	AR_ZARENAD	Zarenad	
588	AR_ANVILDRARG	Anvildrarg	
589	AR_GLORUK	Gloruk	
590	AR_GANELANE	Ganelane	
591	AR_IMORTHAY	Imorthay	
592	AR_THORIL	Thoril	
593	AR_ANVARIL	Anvaril	
594	AR_THANGRIEL	Thangriel	
595	AR_FORAND	Forand	
596	AR_GLUDREON	Gludreon	
597	AR_MORIGRANE	Morigrane	
598	AR_TORULORN	Torulorn	
599	AR_VARORTHANE	Varorthane	
600	AR_ZARORMAND	Zarormand	
601	AR_TALASHORN	Talashorn	
602	AR_GLIGRORN	Gligrorn	
603	AR_THORANE	Thorane	
604	AR_IMINUK	Iminuk	
605	AR_TORIGRARG	Torigrarg	
606	AR_GLISIEL	Glisiel	
607	AR_THINAD	Thinad	
608	AR_MALANGRARG	Malangrarg	
609	AR_KAHORTHARG	Kahortharg	
610	AR_IMGILDRUN	Imgildrun	
611	AR_CARENIM	Carenim	
612	AR_THUDRUN	Thudrun	
613	AR_LORILDRANE	Lorildrane	
614	AR_MORATRAY	Moratray	
615	AR_SIGRUK	Sigruk	
616	AR_MALUDRANE	Maludrane	
617	AR_KAHORMANE	Kahormane	
618	AR_LORORTHUK	Lororthuk	
619	AR_TALATRANE	Talatrane	
620	AR_TORENUK	Torenuk	
621	AR_OBILDRORN	Obildrorn	
622	AR_ANVANGRAY	Anvangray	
623	AR_IMGORMAK	Imgormak	
624	AR_THISARG	Thisarg	
625	AR_TORILDREON	Torildreon	
626	AR_TALARUK	Talaruk	
627	AR_CARORMORN	Carormorn	
628	AR_BERANGRANE	Berangrane	
629	AR_USHELAK	Ushelak	
630	AR_TALORTHIUM	Talorthium	
631	AR_ASILDRAD	Asildrad	
632	AR_MORARAND	Morarand	
633	AR_LORINORN	Lorinorn	
634	AR_MORORTHANE	Mororthane	
635	AR_TORELORN	Torelorn	
636	AR_THATRUK	Thatruk	
637	AR_CARORTHAK	Carorthak	
638	AR_CARELARG	Carelarg	
639	AR_USHANGRIM	Ushangrim	
640	AR_CARORMAND	Carormand	
641	AR_IMGORANE	Imgorane	
642	AR_GLORTHORN	Glorthorn	
643	AR_TORARAK	Torarak	
644	AR_THENESH	Thenesh	
645	AR_LORANGRARG	Lorangrarg	
646	AR_MALENARG	Malenarg	
647	AR_MORANGREON	Morangreon	
648	AR_SARIM	Sarim	
649	AR_CARANGRUK	Carangruk	
650	AR_TORORMANE	Torormane	
651	AR_ANVILDRORN	Anvildrorn	
652	AR_KAHULANE	Kahulane	
653	AR_GLARARG	Glararg	
654	AR_GLORTHAND	Glorthand	
655	AR_THAREON	Thareon	
656	AR_TALINANE	Talinane	
657	AR_IMORMORN	Imormorn	
658	AR_GLORMESH	Glormesh	
659	AR_THELAK	Thelak	
660	AR_VARELIM	Varelim	
661	AR_CARULORN	Carulorn	
662	AR_FUDRUK	Fudruk	
663	AR_SINORN	Sinorn	
664	AR_VARORMUK	Varormuk	
665	AR_ZARELORN	Zarelorn	
666	AR_BERENANE	Berenane	
667	AR_TALIRIUM	Talirium	
668	AR_OBANGRAK	Obangrak	
669	AR_IMORTHAK	Imorthak	
670	AR_OBINARG	Obinarg	
671	AR_THORIEL	Thoriel	
672	AR_THANGRIM	Thangrim	
673	AR_FORANE	Forane	
674	AR_FARAY	Faray	
675	AR_GLORMUK	Glormuk	
676	AR_THELORN	Thelorn	
677	AR_SARIUM	Sarium	
678	AR_VARENAK	Varenak	
679	AR_MORINARG	Morinarg	
680	AR_TORORMAD	Torormad	
681	AR_VARATRAND	Varatrand	
682	AR_TALORANE	Talorane	
683	AR_GLARANE	Glarane	
684	AR_IMORTHORN	Imorthorn	
685	AR_VARILDRANE	Varildrane	
686	AR_THARAK	Tharak	
687	AR_MALORTHEON	Malortheon	
688	AR_MORIGRUK	Morigruk	
689	AR_FANGRUK	Fangruk	
690	AR_THORMANE	Thormane	
691	AR_VARELIUM	Varelium	
692	AR_SINIEL	Siniel	
693	AR_BERENAD	Berenad	
694	AR_CARISIM	Carisim	
695	AR_GLOREON	Gloreon	
696	AR_IMORTHAND	Imorthand	
697	AR_GLANGRAY	Glangray	
698	AR_THORUK	Thoruk	
699	AR_IMELANE	Imelane	
700	AR_BERORMORN	Berormorn	
701	AR_ANVORTHIUM	Anvorthium	
702	AR_MALANGRIEL	Malangriel	
703	AR_SORAND	Sorand	
704	AR_VARORTHUN	Varorthun	
705	AR_ANVORMEON	Anvormeon	
706	AR_CARIGRANE	Carigrane	
707	AR_FULORN	Fulorn	
708	AR_ZARORTHANE	Zarorthane	
709	AR_IMORIUM	Imorium	
710	AR_TALASHIM	Talashim	
711	AR_BERORMAND	Berormand	
712	AR_LORENANE	Lorenane	
713	AR_THIGRORN	Thigrorn	
714	AR_ANVANGRORN	Anvangrorn	
715	AR_KAHARANE	Kaharane	
716	AR_MORENAK	Morenak	
717	AR_FIRAK	Firak	
718	AR_THULIL	Thulil	
719	AR_MALANGRESH	Malangresh	
720	AR_MORASHARG	Morasharg	
721	AR_CARENIA	Carenia	
722	AR_THISIEL	Thisiel	
723	AR_VARANGRARG	Varangrarg	
724	AR_TORISUN	Torisun	
725	AR_KAHORMUN	Kahormun	
726	AR_USHORTHORN	Ushorthorn	
727	AR_MORILDRANE	Morildrane	
728	AR_FISANE	Fisane	
729	AR_VARUDRANE	Varudrane	
730	AR_ANVORARG	Anvorarg	
731	AR_LORORTHEON	Lorortheon	
732	AR_THIGRAND	Thigrand	
733	AR_IMGORMANE	Imgormane	
734	AR_LORELAY	Lorelay	
735	AR_CARARORN	Cararorn	
736	AR_TORASHAY	Torashay	
737	AR_GLILDRORN	Glildrorn	
738	AR_ANVINANE	Anvinane	
739	AR_VARIGRIUM	Varigrium	
740	AR_KAHUDRARG	Kahudrarg	
741	AR_TALAREON	Talareon	
742	AR_IMIRAND	Imirand	
743	AR_USHELANE	Ushelane	
744	AR_TALORTHAY	Talorthay	
745	AR_GLENAY	Glenay	
746	AR_ANVIRIUM	Anvirium	
747	AR_LORANGRIEL	Lorangriel	
748	AR_KAHIRIEL	Kahiriel	
749	AR_LORINIM	Lorinim	
750	AR_TORELIM	Torelim	
751	AR_FENUN	Fenun	
752	AR_ANVULEON	Anvuleon	
753	AR_MORINORN	Morinorn	
754	AR_CARORTHANE	Carorthane	
755	AR_TORORMUK	Torormuk	
756	AR_FELORN	Felorn	
757	AR_ANVISAY	Anvisay	
758	AR_MALILDRIUM	Malildrium	
759	AR_TALORIEL	Taloriel	
760	AR_GLARIEL	Glariel	
761	AR_GLORTHIM	Glorthim	
762	AR_THORTHORN	Thorthorn	
763	AR_TORORTHESH	Tororthesh	
764	AR_FARAK	Farak	
765	AR_IMILDRAK	Imildrak	
766	AR_THORMIEL	Thormiel	
767	AR_FELAND	Feland	
768	AR_MORUDRANE	Morudrane	
769	AR_CARINAY	Carinay	
770	AR_FORMANE	Formane	
771	AR_SELAY	Selay	
772	AR_KAHILDRORN	Kahildrorn	
773	AR_TALORESH	Taloresh	
774	AR_CARUDRAK	Carudrak	
775	AR_IMORTHIL	Imorthil	
776	AR_GLORTHAD	Glorthad	
777	AR_THORTHAND	Thorthand	
778	AR_BERILDREON	Berildreon	
779	AR_THELANE	Thelane	
780	AR_TORINAK	Torinak	
781	AR_THORMESH	Thormesh	
782	AR_ANVILDRAD	Anvildrad	
783	AR_SINIM	Sinim	
784	AR_IMARAND	Imarand	
785	AR_KAHILDRAND	Kahildrand	
786	AR_TALIRAY	Taliray	
787	AR_ASULORN	Asulorn	
788	AR_IMORTHANE	Imorthane	
789	AR_BERELORN	Berelorn	
790	AR_GLANGRAK	Glangrak	
791	AR_IMELESH	Imelesh	
792	AR_FORUN	Forun	
793	AR_GLUDRAND	Gludrand	
794	AR_THINEON	Thineon	
795	AR_MALANGRIM	Malangrim	
796	AR_MORASHORN	Morashorn	
797	AR_TORULUK	Toruluk	
798	AR_FIGRORN	Figrorn	
799	AR_SORANE	Sorane	
800	AR_LORILDRIUM	Lorildrium	
801	AR_MALUDRIUM	Maludrium	
802	AR_ZARORTHESH	Zarorthesh	
803	AR_DOLASHARG	Dolasharg	
804	AR_MORILDRIEL	Morildriel	
805	AR_VARUDRIEL	Varudriel	
806	AR_DOLATRAND	Dolatrand	
807	AR_TALENIM	Talenim	
808	AR_GLIRIM	Glirim	
809	AR_BERELAND	Bereland	
810	AR_IMGORTHORN	Imgorthorn	
811	AR_TALASHUK	Talashuk	
812	AR_GLIGRUK	Gligruk	
813	AR_THIRORN	Thirorn	
814	AR_IMINAY	Iminay	
815	AR_ANVORORN	Anvororn	
816	AR_BERORMANE	Berormane	
817	AR_IMGELIL	Imgelil	
818	AR_IMGORMIEL	Imgormiel	
819	AR_FIRARG	Firarg	
820	AR_GLISIA	Glisia	
821	AR_ANVINIEL	Anviniel	
822	AR_CARENEON	Careneon	
823	AR_TORULUN	Torulun	
824	AR_SIREON	Sireon	
825	AR_THISIM	Thisim	
826	AR_VARANGRAND	Varangrand	
827	AR_VARINANE	Varinane	
828	AR_KAHUDRORN	Kahudrorn	
829	AR_CARILDRARG	Carildrarg	
830	AR_IMGORTHAND	Imgorthand	
831	AR_THIRAND	Thirand	
832	AR_ANVORAND	Anvorand	
833	AR_IMGELANE	Imgelane	
834	AR_LORORTHAY	Lororthay	
835	AR_TALORMORN	Talormorn	
836	AR_TORENAY	Torenay	
837	AR_THIGRANE	Thigrane	
838	AR_ANVANGRANE	Anvangrane	
839	AR_LORELAK	Lorelak	
840	AR_MORORTHIUM	Mororthium	
841	AR_THULESH	Thulesh	
842	AR_KAHANGRAK	Kahangrak	
843	AR_CARORTHIEL	Carorthiel	
844	AR_SENIEL	Seniel	
845	AR_VARULEON	Varuleon	
846	AR_KAHUDRAND	Kahudrand	
847	AR_CARORMUK	Carormuk	
848	AR_ASELORN	Aselorn	
849	AR_LORORIEL	Lororiel	
850	AR_IMULAD	Imulad	
851	AR_BERISIEL	Berisiel	
852	AR_IMGINEON	Imgineon	
853	AR_LORANGRIM	Lorangrim	
854	AR_TALORMAND	Talormand	
855	AR_ANVIGREON	Anvigreon	
856	AR_KAHIRIM	Kahirim	
857	AR_MORANGRORN	Morangrorn	
858	AR_VARENORN	Varenorn	
859	AR_ANVULAY	Anvulay	
860	AR_MORINIL	Morinil	
861	AR_FELIL	Felil	
862	AR_THILDRAK	Thildrak	
863	AR_ANVISAK	Anvisak	
864	AR_KAHULIUM	Kahulium	
865	AR_OBARIA	Obaria	
866	AR_FORMIEL	Formiel	
867	AR_SASHAD	Sashad	
868	AR_USHANGREON	Ushangreon	
869	AR_TALORIM	Talorim	
870	AR_GLORTHUK	Glorthuk	
871	AR_THARORN	Tharorn	
872	AR_FARARG	Fararg	
873	AR_THELIEL	Theliel	
874	AR_IMILDRARG	Imildrarg	
875	AR_CAROREON	Caroreon	
876	AR_SAREON	Sareon	
877	AR_VARENAND	Varenand	
878	AR_CARANGRAY	Carangray	
879	AR_FELANE	Felane	
880	AR_SORTHAY	Sorthay	
881	AR_MALORMORN	Malormorn	
882	AR_VARASHANE	Varashane	
883	AR_CARINAK	Carinak	
884	AR_SELAK	Selak	
885	AR_IMARIL	Imaril	
886	AR_BERENIUM	Berenium	
887	AR_CARUDRARG	Carudrarg	
888	AR_SORMARG	Sormarg	
889	AR_IMORTHIEL	Imorthiel	
890	AR_IMGIRAND	Imgirand	
891	AR_GLORTHUN	Glorthun	
892	AR_THARAND	Tharand	
893	AR_GLINORN	Glinorn	
894	AR_THORTHANE	Thorthane	
895	AR_ANVENANE	Anvenane	
896	AR_THELESH	Thelesh	
897	AR_TORINARG	Torinarg	
898	AR_THORMAD	Thormad	
899	AR_LORISAND	Lorisand	
900	AR_FINEON	Fineon	
901	AR_MALORMAND	Malormand	
902	AR_ZARORTHIM	Zarorthim	
903	AR_IMARANE	Imarane	
904	AR_BERORTHORN	Berorthorn	
905	AR_KAHILDRANE	Kahildrane	
906	AR_GLORAK	Glorak	
907	AR_IMORTHESH	Imorthesh	
908	AR_THANGREON	Thangreon	
909	AR_ANVORTHEON	Anvortheon	
910	AR_KAHARIM	Kaharim	
911	AR_LORASHUK	Lorashuk	
912	AR_MORENORN	Morenorn	
913	AR_FIRORN	Firorn	
914	AR_KAHORTHUK	Kahorthuk	
915	AR_THUDRAK	Thudrak	
916	AR_VARINIEL	Variniel	
917	AR_MORILDRIM	Morildrim	
918	AR_OBIREON	Obireon	